{
  "images" : [
    {
      "filename" : "Captura de pantalla 2023-09-29 a la(s) 5.26.33 p.m..png",
      "idiom" : "universal",
      "scale" : "1x"
    },
    {
      "filename" : "Captura de pantalla 2023-09-29 a la(s) 5.26.33 p.m.@2x.png",
      "idiom" : "universal",
      "scale" : "2x"
    },
    {
      "filename" : "Captura de pantalla 2023-09-29 a la(s) 5.26.33 p.m.@3x.png",
      "idiom" : "universal",
      "scale" : "3x"
    }
  ],
  "info" : {
    "author" : "xcode",
    "version" : 1
  }
}
