{
  "images" : [
    {
      "filename" : "is-socializing-in-the-workplace-important-for-team-productivity-1024x574.jpg",
      "idiom" : "universal",
      "scale" : "1x"
    },
    {
      "filename" : "is-socializing-in-the-workplace-important-for-team-productivity-1024x574@2x.jpg",
      "idiom" : "universal",
      "scale" : "2x"
    },
    {
      "filename" : "is-socializing-in-the-workplace-important-for-team-productivity-1024x574@3x.jpg",
      "idiom" : "universal",
      "scale" : "3x"
    }
  ],
  "info" : {
    "author" : "xcode",
    "version" : 1
  }
}
